UserID,Name,Email,Phone,Balance,RegistrationDate
1,"Allison Hill",jillrhodes@miller.com,890.838.6379,639.43,2023-08-19
2,"Abigail Shaffer",joshua35@gmail.com,615-594-0781,25.01,2024-12-31
3,"Juan Calderon",janetwilliams@gmail.com,001-413-164-7525x53419,275.03,2024-05-22
4,"Nicholas Martin",veronica83@hotmail.com,030-564-1395x37672,223.21,2023-08-08
5,"Patrick Ryan",icox@hotmail.com,101.226.9166x9784,736.47,2024-03-19
6,"Alexandra Le",daniel62@yahoo.com,4828148932,676.7,2023-11-01
7,"Kimberly Osborne",tracy15@allen-allen.org,171-822-7824,892.18,2024-02-28
8,"Jenny Lewis",raymond57@hayes.com,001-839-301-0310,86.94,2024-11-12
9,"Jose Ramirez",ambercummings@hotmail.com,001-737-631-1656,421.92,2023-11-30
10,"Nicholas Nunez",powellmatthew@wright.net,262.473.1781x080,29.8,2023-03-28
11,"Sarah Martin",zlewis@gmail.com,(606)474-6872,218.64,2023-06-11
12,"Wayne Riley",brian97@calhoun.net,219-136-1939,505.36,2024-04-20
13,"Bradley Sandoval",james53@yahoo.com,(247)510-7991x1838,26.54,2023-08-08
14,"Gregory Jones",justin78@turner.net,8412411824,198.84,2023-08-21
15,"Michelle Harris",dking@gmail.com,+1-640-052-4278x6801,649.88,2023-03-14
16,"Melissa Hernandez",brandi26@williams.com,(331)586-9232x260,544.94,2023-06-03
17,"Evelyn Galvan",erik16@garrison.com,543.303.6541x458,-48.37,2023-11-21
18,"Sarah Rivera",wileyjose@estes.biz,(569)816-9340x608,589.27,2025-01-02
19,"Melissa Bentley",ryan59@alvarado-martinez.com,465.648.2366x29946,809.43,2024-03-15
20,"Elizabeth Clark",rramos@gmail.com,721.489.5134x33200,6.5,2023-07-24
21,"Miss Patricia Gibson",psnyder@douglas.com,001-632-870-8317x27889,805.82,2023-09-18
22,"Stephanie Salazar",vmerritt@yahoo.com,434.873.4714x345,698.14,2023-09-20
23,"Angela Hernandez",jasminebrown@yahoo.com,876-036-6909x67054,340.25,2024-08-22
24,"Steven Houston",brobinson@johnson-rogers.biz,001-272-980-6990x1627,155.48,2023-06-05
25,"James Lewis",kathleen64@yahoo.com,170-805-3100x330,957.21,2024-05-11
26,"Cameron Caldwell",xlyons@jackson-lawson.com,001-241-904-9663x19314,336.59,2024-11-05
27,"Renee Hogan",amanda51@holland.info,657-262-8498,92.75,2024-09-07
28,"Mr. Nicholas Adams",ramirezshannon@hudson-barnett.com,7527354549,96.72,2024-07-12
29,"Kristi Black",allenrichard@chang.info,014.363.4957x885,847.49,2023-12-11
30,"Krista Bell MD",jerry35@gmail.com,001-823-374-9894x1343,603.73,2023-10-22
31,"Adrian Ferguson",mccannangela@hotmail.com,(710)947-7752,807.13,2023-02-23
32,"Scott Wilson",kvasquez@parks.com,318-699-9386,729.73,2023-12-30
33,"Elizabeth Chapman",ashley09@hotmail.com,334-123-2812,536.23,2023-01-17
34,"Michael Harrison",keithcampbell@jones-hall.com,+1-936-183-2421x0249,973.12,2024-08-18
35,"Tammy Gonzales",holly48@hotmail.com,719.065.9401x3990,378.53,2024-08-31
36,"Debra Williams",cstone@white-richards.info,756-551-2567,552.04,2023-08-26
37,"Jennifer Hodges",qmiller@wilson-barton.net,8760385977,829.4,2024-08-27
38,"Derek Anderson",fgilmore@gmail.com,9324808613,618.52,2024-10-29
39,"Julia Wilson",scantu@thornton.info,782.639.8214,861.71,2024-09-06
40,"Jennifer Villa",campbellkenneth@hotmail.com,001-727-875-5886,577.35,2024-01-03
41,"Sheila Pollard",xhall@williams-garner.biz,(270)289-5171x8702,704.57,2023-11-29
42,"Tracy Jones",cindy61@yahoo.com,+1-865-780-9134x31611,45.82,2023-12-25
43,"Elijah Johnson",carternicholas@gmail.com,869.222.1969,227.9,2024-06-28
44,"Thomas Thomas",steve07@yahoo.com,+1-821-759-4647x43671,289.39,2023-07-18
45,"Ian Phillips",spencedominique@yahoo.com,9097439533,79.79,2024-05-11
46,"Perry Saunders",bergerdebbie@kramer-johnson.com,001-214-562-3285x8842,232.79,2023-08-02
47,"Terry Coffey",linda71@gmail.com,001-368-516-0481x75496,101,2024-10-14
48,"Jacqueline Leonard",harveysherry@yahoo.com,+1-317-461-2004x711,277.97,2023-07-16
49,"Brandy Chavez",nicolepena@yahoo.com,+1-640-537-7351x585,635.68,2023-03-03
50,"Colton Martinez",batesdarlene@hotmail.com,0532931839,364.83,2023-07-01
51,"Crystal Schroeder",michele22@king.com,(053)950-2402,370.18,2024-08-13
52,"Brian Brown",william17@hotmail.com,908.470.0766,209.51,2024-06-30
53,"Micheal Wallace",charlene12@weber-richards.com,(984)789-6118x3673,266.98,2023-12-02
54,"Jesse Perry",ronald45@mcdaniel.com,116-152-8098,936.65,2024-03-26
55,"Bryan Gomez",schmittcaroline@yahoo.com,983-273-1585,648.04,2023-04-14
56,"Laura Aguirre",anthony44@bell-white.com,001-612-018-3667,609.13,2023-10-06
57,"Eric Nguyen",moorekaren@craig.info,+1-679-764-3815x61497,171.14,2024-02-28
58,"Amber Foster",harrissierra@duran.com,076-226-8388,729.13,2024-10-23
59,"Heather Sanders",esmith@johnston-berry.biz,160-529-7516x1369,163.4,2023-11-22
60,"Jennifer Collins",masonjackson@hotmail.com,+1-188-355-2312x4329,379.46,2023-05-13
61,"Mary Thompson",wwebster@hotmail.com,995.527.1774x490,989.52,2023-10-15
62,"Emily Hayes",marie11@wheeler.com,935.978.2071x518,640,2024-05-30
63,"David Kim",michaelhardin@yahoo.com,(590)515-1864x49251,556.95,2024-04-11
64,"Sydney Collins",brookehurley@yahoo.com,+1-652-816-8505,684.61,2023-09-11
65,"Daniel Meza",jeremytaylor@gmail.com,188-805-9296x2229,842.85,2024-10-04
66,"Michelle Williams",tarabishop@hotmail.com,383.473.5977x468,776,2024-02-28
67,"Christopher Gonzalez",brett75@villa.com,124-782-6137x5060,229.05,2023-11-18
68,"Cynthia Vang",anthonygalvan@hotmail.com,+1-522-047-2779x0104,32.1,2023-07-01
69,"Kimberly Acosta",parsonsjohn@gmail.com,3697117980,315.45,2024-05-19
70,"Dana Thomas",mendezjohn@yahoo.com,(185)188-8880,267.74,2023-11-14
71,"Amanda Hughes",julie51@yahoo.com,195.205.8527,210.98,2024-07-08
72,"Clarence Taylor",carterbradley@gmail.com,5486874034,942.91,2023-10-19
73,"Amber Rios",lloydsamuel@yahoo.com,001-765-277-5841x6169,876.37,2024-10-14
74,"Edward Garcia",kirk96@gmail.com,001-757-059-6401x658,314.68,2024-09-28
75,"Caitlin Johnson",martinezjoel@hotmail.com,(569)092-7557x192,655.44,2024-03-01
76,"Ernest Ramirez",fitzgeraldvictor@mcintyre-wilson.com,001-739-473-1217x271,395.63,2024-10-05
77,"Sarah Flores",piercekelly@yahoo.com,(258)313-2370,914.55,2023-10-22
78,"Jackie Lara",jonesraymond@higgins.org,251-778-5289,458.85,2023-06-05
79,"Betty Shaw",holmeskevin@morris.com,(841)438-4249x818,264.88,2024-05-26
80,"Todd Moore",bryananthony@gmail.com,+1-943-969-0784x4736,246.63,2023-09-03
81,"Michael Moore",vmarshall@hotmail.com,(555)625-8815,561.37,2023-07-21
82,"Derek Wright",robertspatrick@barnes.com,001-532-787-7470,262.74,2023-03-25
83,"Kathy Levy",brandon47@khan.net,1624565060,584.59,2024-04-01
84,"Heidi Roberts",rduran@hotmail.com,+1-912-165-5852x39868,897.82,2023-02-15
85,"Chad Cook",ghernandez@gmail.com,952-694-9588x87947,399.4,2024-10-09
86,"Gary Rodriguez",laura09@yahoo.com,993-097-2896x230,219.32,2024-04-03
87,"Ashley Smith",shernandez@gmail.com,(897)028-3857x86527,997.54,2024-12-23
88,"Kimberly Lowe",plee@yahoo.com,+1-434-437-5758,509.53,2025-01-09
89,"Mikayla Roberts",xcardenas@gmail.com,041-574-7338x4842,90.91,2023-04-09
90,"Laurie Sanchez",briangutierrez@kennedy.net,(677)345-4019,47.12,2023-07-14
91,"Miranda Zuniga",lkhan@osborn.info,(400)499-1547,109.65,2024-05-27
92,"Kathleen Mays",james15@gmail.com,001-742-054-9329x6685,627.45,2023-03-23
93,"Brandon Holden",shari04@yahoo.com,745.499.0453,792.08,2023-03-04
94,"Julie Moore",fowlershelia@yahoo.com,+1-332-727-9568x783,422.16,2024-08-28
95,"Paul Marks",xrice@stark.com,+1-839-822-5871,63.53,2024-06-26
96,"Kevin Davis",chavezwilliam@yahoo.com,001-087-406-4039,381.62,2023-03-12
97,"Gregory Brown",andersenthomas@ortiz-mack.biz,(676)618-2512x868,996.12,2023-04-23
98,"Courtney Smith",steven86@gray.com,310-690-3311x907,529.11,2024-04-23
99,"Shelby Sanchez",igonzales@webster.com,439.599.5342x83644,971.08,2023-03-03
100,"Leslie Moss",dpeters@david-powers.net,662-462-8733x42708,860.78,2023-12-01
101,"Kristin Anderson",james17@davis-hardy.com,4699013983,11.48,2024-01-22
102,"Terry Turner",sharonhayden@burgess.com,001-936-385-4678x544,720.72,2023-10-21
103,"Kathleen Garcia",robin55@yahoo.com,9320489964,681.71,2023-05-13
104,"David Hudson",rpierce@scott-underwood.info,252.287.2808x010,536.97,2024-08-30
105,"Chad Mccoy",albertwagner@brown-little.org,700.886.0084x8408,266.83,2024-10-07
106,"Jessica Case",hullalice@lee.com,(461)567-9334x101,640.96,2023-11-25
107,"Juan Brown",christopherbruce@mueller.com,033.974.0148x90250,111.55,2023-06-24
108,"Nicole Marquez",evansanne@hotmail.com,(856)218-5016x3159,434.77,2024-09-03
109,"Linda Novak",walterskristen@yahoo.com,358.662.9619x4311,453.72,2023-08-11
110,"Michael Walters",michael10@yahoo.com,541.212.6788x861,953.82,2023-02-04
111,"Julian Carlson",asmith@yahoo.com,001-183-982-6224x44721,875.85,2023-05-24
112,"Jason Washington",johnathan37@jensen.com,(596)575-6924x5937,263.39,2023-09-16
113,"James Flores",markramirez@yahoo.com,(193)982-8073x741,500.59,2024-10-12
114,"Rebecca Chambers",john26@jones-ewing.info,001-688-680-5891,178.65,2023-04-09
115,"Mary Kelly",vrasmussen@rodriguez-garcia.com,889.937.5679x82507,912.63,2023-04-06
116,"Thomas Miller",larry73@webb.info,140-105-1238x28258,870.52,2023-12-12
117,"Crystal Sullivan",daniellereynolds@mclaughlin.info,001-660-334-1918,298.44,2023-06-09
118,"Craig Wilson",candice96@hotmail.com,557-924-9912,638.95,2023-09-15
119,"Eric White",ibarnes@reyes.com,+1-274-225-7905,608.97,2023-01-22
120,"Mr. James Hoffman",acohen@hotmail.com,721.903.4043x842,152.84,2024-09-12
121,"Patrick Cannon",adamsamy@weaver-sherman.info,+1-361-340-7451,762.51,2023-12-22
122,"Autumn Cain",michelle96@jensen.com,9584982544,539.38,2024-04-03
123,"Scott Duke",sydneyfloyd@riddle.com,001-232-536-7294x667,778.63,2023-03-14
124,"Sheryl Davis",shawn75@hotmail.com,1751863637,530.35,2023-08-11
125,"Drew Kelley",rkramer@williams.info,1277063242,0.57,2024-11-24
126,"Denise Pena",watsonrebecca@gmail.com,6436110371,324.16,2023-04-28
127,"Kelly Wallace",lisa62@jones-reyes.com,554-262-2189,19.48,2023-01-21
128,"Carly Bell",samanthajensen@heath-miller.com,(196)565-2341,929.1,2023-07-26
129,"Lindsay Lawson",jamie98@adkins.com,761.379.1805,878.72,2025-01-09
130,"James Combs",amy27@gmail.com,9104300684,831.67,2024-05-17
131,"Pamela Henderson",davidsonamanda@gmail.com,141-832-8569x146,307.51,2024-08-03
132,"Cynthia Sanchez",chavezchelsea@yahoo.com,+1-210-202-7588x42524,57.93,2024-08-06
133,"Patricia Johnson",alexandria49@hotmail.com,778-507-9252,878.01,2023-08-01
134,"Stephanie Craig",joycesmith@sanchez.com,(220)863-5365x4195,946.95,2023-04-17
135,"Stephanie White",djones@ayala-collins.com,+1-705-349-4937,85.65,2023-10-28
136,"Katherine Barton",edwardrandolph@hall.com,064-138-3670x24103,485.99,2024-12-11
137,"Jennifer Huang",carpenterwilliam@hotmail.com,(199)062-3445x6557,69.21,2023-08-14
138,"Tony Taylor",danielcole@russell-herrera.com,474.112.4903x521,760.6,2024-07-20
139,"Henry Palmer",lori20@yahoo.com,883.171.2100x323,765.83,2024-10-15
140,"Michael Pace",samantha10@gonzalez.info,(151)070-2966,128.39,2024-02-04
141,"Michael Thompson",joshuagriffin@johnson.org,476.870.1462,475.28,2023-12-06
142,"Stephen Fox",wcasey@stephens-washington.org,564.205.9304x07859,549.8,2023-07-14
143,"Ariel Sandoval",gallagherstacie@hotmail.com,(522)395-5905x9929,265.06,2023-06-10
144,"Rita Waller",tracydavis@gmail.com,+1-308-705-9325x250,872.43,2023-02-01
145,"Michael Thomas",susan56@garcia.com,001-675-289-5392x6442,423.14,2023-06-02
146,"Tiffany Fry",whitelucas@hotmail.com,917.251.3552,211.8,2024-05-23
147,"Ann Fletcher",nsmith@gmail.com,001-154-100-6762x676,539.3,2023-10-14
148,"Ashley Mendoza",shannonlloyd@phillips.com,152-621-8159,729.93,2024-05-05
149,"Michele Reynolds",gmoore@harris-lee.net,001-844-431-0698x7205,201.15,2023-01-17
150,"Edward Stanley",collinclark@hotmail.com,171-467-7418x6256,311.72,2023-10-28
151,"Andrew Gonzales",maryelliott@gmail.com,001-115-869-3806x86879,995.15,2024-11-29
152,"Edwin Foster",davidtodd@rush.com,206.163.2945,649.88,2024-12-22
153,"Renee Miller",melissa87@gmail.com,001-998-616-2299x911,438.1,2024-03-27
154,"Rachel Dillon",pbaker@yahoo.com,001-970-246-2996,517.58,2023-02-14
155,"Shawn Vaughn",xmccall@morgan.com,713-247-5469x137,121,2023-06-28
156,"Jennifer Washington",robertsonerik@yahoo.com,001-862-890-2330x307,224.7,2023-02-23
157,"Michele Hill",hreid@hotmail.com,3579727985,338.09,2023-10-09
158,"Steven Curry",anthony02@chan.com,+1-346-800-7229x03494,588.31,2024-07-21
159,"Maria Coleman",stephen37@yahoo.com,+1-896-910-8589x94417,230.11,2023-03-05
160,"Donald Nguyen",diana43@gmail.com,309.652.0744x66609,220.22,2024-07-17
161,"Rose Cooper DDS",william28@gmail.com,172-482-5135x3465,70.99,2023-10-30
162,"Edward York",delacruzbrandy@hotmail.com,738-168-4602,-616.75,2023-05-01
163,"Grace Benitez DVM",lesliebaldwin@gmail.com,525.007.4329x2712,228.94,2024-05-06
164,"Jeffrey Patterson",ismith@gmail.com,001-505-830-0335x4216,905.42,2024-02-09
165,"Carol Colon",stephen89@hotmail.com,625-753-2603x32309,859.64,2024-02-10
166,"Jacob Santos",qmcdowell@dean.com,+1-001-676-1847x2304,70.86,2023-12-07
167,"Mary Nelson",grivas@higgins.com,393.483.5642x0873,238,2024-07-02
168,"Erin Smith",conleyelizabeth@herring.com,001-143-744-7012x0455,668.98,2023-12-11
169,"Anna Chang",christianelizabeth@murphy.org,155-216-6746x762,214.24,2023-04-12
170,"Nicholas Jarvis",perrybrittany@gregory.com,+1-027-716-7014x508,132.31,2024-09-02
171,"Misty Walker",reynoldsjessica@yahoo.com,(628)900-2877x217,935.51,2023-09-21
172,"Wayne Williams",ppowell@stevens.info,775-170-1660,571.04,2024-03-22
173,"Samantha Conner",diamondbryant@yahoo.com,(037)589-9757x113,472.67,2023-01-16
174,"Ronald Brandt",jacqueline02@yahoo.com,(614)933-1637,784.62,2024-10-16
175,"Michelle Rodriguez",housemary@hotmail.com,779-827-0808,807.5,2025-01-10
176,"Kevin Glass",jessicaanderson@sandoval-obrien.com,669.346.5472x26984,190.41,2024-10-30
177,"Shannon Joseph",jasonklein@reed.com,851.587.9968x46081,96.93,2023-02-03
178,"Anthony Brown",tonyavega@gmail.com,4380571983,431.05,2024-08-13
179,"Jasmine Dixon",housepaul@hotmail.com,800-439-7359x89334,423.58,2023-12-29
180,"Michael Lopez",bennettroy@baker.com,720-259-0947x98515,467.02,2024-02-27
181,"Clinton Jones",zdaniels@bailey.com,543-987-8015x73993,729.08,2023-02-14
182,"Erica Moon",uscott@johnson-black.com,877.043.5811x28801,673.36,2023-06-27
183,"Patricia Hancock",harrismaria@hotmail.com,001-612-075-0110x24819,984.17,2024-10-14
184,"David Hughes",ystewart@hotmail.com,809-190-1581,98.42,2023-08-28
185,"Elizabeth Miller",qfoster@gmail.com,283.268.4245x0882,402.62,2023-04-20
186,"Kenneth Long",jason53@whitehead-york.com,(239)431-2908,339.3,2024-01-08
187,"Angel Powers",gonzalezbeverly@yahoo.com,(231)491-3577x594,861.67,2024-07-06
188,"Krystal Diaz",ujackson@gmail.com,645.257.7754,248.66,2024-01-28
189,"Casey Obrien",patriciagonzalez@hotmail.com,+1-110-809-9693x0848,190.21,2024-12-09
190,"Mrs. Patricia Diaz MD",stevendixon@yahoo.com,(803)928-2722x992,448.61,2024-08-08
191,"Teresa Williams",bryanwood@gmail.com,+1-385-677-0051x84498,421.88,2024-04-01
192,"Matthew Diaz",nicholas38@gomez-parrish.info,908.272.3184x3222,278.55,2023-10-23
193,"Ruth Guerrero",jennifer77@yahoo.com,926.030.2992,249.81,2023-04-29
194,"Amanda Armstrong",jonathanwhite@greene-elliott.com,001-413-797-7236x9292,923.27,2024-05-13
195,"Deborah Ramsey",ecarlson@gmail.com,(621)038-8629x1279,443.13,2024-04-24
196,"Richard Gordon",olsondavid@ryan.biz,650.863.7659x91624,861.35,2024-01-20
197,"Susan Miller",jacob09@hotmail.com,806-356-5126,550.33,2024-06-04
198,"Deborah Herrera",victoria63@yahoo.com,+1-872-588-7449,50.59,2023-10-09
199,"Jennifer Taylor",seanlyons@garcia.biz,890-260-1279x61143,999.28,2023-10-30
200,"Andrew Cruz",jennifer90@gmail.com,+1-770-384-3098x8392,836.03,2024-06-21
201,"David Smith",sheakimberly@caldwell-sullivan.com,011.848.9554x39376,969,2024-04-05
202,"Christopher Hunter",matthew18@walter-li.org,769-735-7790x714,926.37,2023-03-08
203,"Richard Robinson",robert58@smith.com,(518)275-5394x2373,848.7,2023-07-16
204,"Shelley Clark",marykelly@wilson.info,+1-080-759-5794x728,166.31,2023-08-20
205,"Paul Anderson",cayers@hotmail.com,(627)187-5003x691,485.64,2023-09-24
206,"Scott Lopez",josephmullen@yahoo.com,(276)365-5647x292,213.75,2024-04-06
207,"Robin Le",mchase@marsh.com,026.728.8574x4890,401.04,2023-11-20
208,"Christopher Lewis",gcombs@yahoo.com,001-545-588-4506x1593,58.64,2024-04-07
209,"Mariah Thompson",mark87@hotmail.com,169.472.2569x961,378.97,2023-03-17
210,"Darren Stewart",catherine64@yahoo.com,001-598-762-2023x41326,985.31,2023-04-05
211,"Timothy Kennedy",wisealexandria@garcia.com,643-347-2282,265.2,2023-02-06
212,"Howard Herman",iproctor@yahoo.com,+1-728-299-7968,784.07,2024-05-25
213,"Emily Reed",ramosmichael@moore-smith.net,001-254-780-7740x64930,455.01,2024-03-15
214,"Jason Castro",frankmclaughlin@yahoo.com,(341)638-9448x4631,423.01,2023-06-05
215,"Brian Gibson",jackie73@yahoo.com,2080214427,957.32,2024-08-01
216,"Brandon Smith",robert75@terry-johnson.com,001-204-618-7234x60136,995.42,2024-09-05
217,"Danielle Vang",gmoss@wade.com,208-814-7435x03136,555.77,2023-09-24
218,"Robert Richards",albertwilliams@hotmail.com,925.132.7195x0052,718.41,2024-07-12
219,"Ashley Freeman",linda73@gmail.com,001-652-407-7848x739,154.8,2023-06-08
220,"Erica Mcdonald",schmidtshannon@weaver-gibson.net,(209)593-5186x3878,296.71,2023-05-14
221,"Erica Davidson",millscarl@white.com,731-096-7899,968.71,2023-08-01
222,"Daniel Robbins",dianahebert@mcdonald.com,(865)094-8014x138,579.18,2023-03-31
223,"David Cruz",ashleymeza@curry.org,(761)228-6852x897,542.2,2025-01-09
224,"Ethan Frey",robert65@hotmail.com,983.684.5776,747.98,2023-01-15
225,"Victoria Larson",adam33@smith-short.com,+1-889-921-0752,57.17,2023-05-02
226,"Steve Wright",christopher69@gmail.com,001-157-279-1940x9610,584.18,2024-12-31
227,"Hannah Montoya",kanejeremy@hotmail.com,+1-060-480-5892x583,502.85,2023-05-13
228,"Nicholas Long",walkerkeith@yahoo.com,(251)790-8641,852.72,2023-11-20
229,"Patricia Anderson",fhansen@pearson-gonzalez.org,001-833-146-5911x6655,157.43,2023-06-11
230,"Kirk Johnson",vanessajensen@yahoo.com,+1-270-335-2110x392,960.78,2024-11-19
231,"Donna Cooper",shannon05@singh.com,+1-848-792-0698,80.11,2023-02-17
232,"Antonio Gonzalez",marshallsierra@gmail.com,(451)046-3681x5798,185.82,2023-03-24
233,"Jonathan Ellis",wrightalyssa@burns-garner.com,(554)384-0460x843,595.04,2023-05-12
234,"James Taylor",robertberry@yahoo.com,957-823-2983x2482,675.21,2023-12-15
235,"Vanessa Thomas DVM",carlos81@stewart.com,001-566-474-2312x20994,235.2,2024-04-29
236,"Crystal Hall",christopher72@mathis.com,(772)233-0604x6333,119.89,2023-03-07
237,"Troy Gonzales",michelle36@yahoo.com,001-096-569-9988x08177,890.29,2024-10-18
238,"Sherry Sanchez",grantzachary@hotmail.com,3476447264,246.22,2024-05-05
239,"Melissa Mckee",gdavis@gmail.com,(982)665-7027,594.52,2024-04-17
240,"Stephanie Khan",mario21@wilson.com,868-926-8602,619.38,2024-12-23
241,"Seth Huffman",haroldjoseph@parker-cross.info,212-309-4077x7809,419.22,2024-11-30
242,"Daniel Keller MD",burkeadam@hotmail.com,983-022-0502x099,583.67,2023-09-03
243,"Brandon Rodriguez",emilycarr@graves.info,001-950-145-5616x8147,522.78,2023-04-29
244,"Scott Murphy",heathersalazar@gmail.com,001-817-946-9548,934.71,2024-04-05
245,"Heather Anderson DDS",nmorton@gmail.com,001-430-107-1396x605,204.26,2023-10-13
246,"Marcia Smith",jonathan14@hunter-nguyen.com,556-990-2355,716.19,2024-12-31
247,"Sydney Robles",dmoore@huang.com,495.880.3955x12405,238.69,2023-11-02
248,"Sarah Duncan",brookehancock@yahoo.com,001-504-617-3574x384,395.79,2023-05-30
249,"Richard Strickland",zhunter@stein-moore.com,845.218.2307x6810,671.69,2023-09-13
250,"Melissa Wheeler",steven01@miranda.com,+1-353-344-8571x4224,300,2023-04-13
251,"Marcus Palmer",andrea42@brock.com,+1-587-020-7016x016,316.18,2023-11-15
252,"Kyle Watkins",larry38@gmail.com,001-792-171-7477x33294,751.86,2024-12-24
253,"Clifford Stark",shawn01@yahoo.com,577-245-9928,72.54,2023-04-04
254,"Miguel Rodriguez",amanda69@allen-sanchez.com,615.396.6958x3219,458.29,2024-10-25
255,"Mr. Joel Peters",kylesullivan@hotmail.com,965-701-3290,998.45,2024-08-25
256,"Chase Schmidt",rgonzalez@yahoo.com,946-519-0986x2405,-170.52,2024-12-14
257,"Amy Warner",callahanmichelle@gmail.com,(965)666-6832x72386,73.26,2024-10-31
258,"Sara Moore",alexanderwong@griffith.biz,(126)796-9278,213.15,2023-12-10
259,"Joanna Kelly",kjacobs@bradford-young.net,689-500-9751x971,265.2,2023-05-05
260,"Kelsey Villarreal",hblack@hotmail.com,371-894-9058,933.26,2024-09-10
261,"Jesse Escobar",zgomez@yahoo.com,209-494-0792x9049,880.86,2023-02-05
262,"Bradley Wagner",david44@yahoo.com,1929275243,879.27,2024-01-26
263,"Joseph Johnson",caitlinunderwood@mullins-gutierrez.biz,723.950.4102,369.53,2024-01-10
264,"Eric Reese",yvega@baker-moreno.biz,4765801856,157.75,2024-05-03
265,"Shannon Rogers",scottbreanna@yahoo.com,001-393-852-5800x10618,833.74,2023-04-05
266,"Heather Hardy",austinharvey@gmail.com,+1-391-119-2692x124,703.54,2023-08-31
267,"Timothy Fowler",qschwartz@yahoo.com,214-066-5044x271,-339.58,2024-01-31
268,"Christina Long",thomaskayla@gmail.com,+1-174-101-1947x072,987.23,2024-06-05
269,"Tasha Ortega",isabelconway@hotmail.com,8776618306,653.98,2024-07-03
270,"Karen Bradley",evelyn60@hotmail.com,+1-158-517-4328x0634,7.82,2024-07-08
271,"Brian Barker",mccluresamuel@gmail.com,(030)937-6184,817.1,2024-02-07
272,"Sandra Cole",morganmatthew@williams.net,829.310.2707x903,299.38,2024-07-12
273,"Alexis Chen",bryantgeorge@hotmail.com,117-993-1365,663.39,2024-10-06
274,"Nancy Morales",marcoconnell@duran.com,114-262-5827x39021,938.93,2024-09-20
275,"Lisa Strickland",amiller@howe.org,672-324-8763x2909,134.29,2023-06-03
276,"Lisa Miller",robert83@gmail.com,819-588-3734,115.43,2023-02-25
277,"Robert Jennings",qthompson@gmail.com,5436459701,107.04,2024-08-12
278,"Joshua Moore",erobertson@griffith.org,635-315-3136x36317,553.22,2024-04-13
279,"Dr. Charles Reilly",paultaylor@hotmail.com,543.520.9042,272.35,2023-04-11
280,"Judy Jackson",oliviamunoz@hotmail.com,+1-298-316-8739x774,604.83,2023-01-26
281,"Nancy Wright",lriley@gmail.com,001-060-078-0686,717.61,2024-01-22
282,"Melissa Garcia",christophermullins@hotmail.com,001-632-543-1074x2799,203.6,2023-02-02
283,"Julie Taylor",kristywood@yahoo.com,001-016-580-4649x893,634.24,2024-09-17
284,"Lisa Rogers",pamela16@marshall-williams.com,(818)325-3817,263.98,2024-08-09
285,"Lauren Haley",lukehurst@frazier.com,788.178.8479x513,488.53,2024-12-07
286,"Anita Myers",susan11@hill.com,238.046.8275x6704,905.34,2023-06-10
287,"Shane Hall",plane@hotmail.com,798-877-4924x24375,846.1,2023-08-26
288,"Amber Gomez",christinemartin@hotmail.com,222-231-0592x7452,92.3,2023-06-23
289,"Amanda Stewart",nathanfernandez@gmail.com,+1-410-672-7520,423.58,2024-08-10
290,"Katie Holland",wkemp@hotmail.com,+1-297-517-0281x40693,276.68,2023-12-27
291,"Gabriel Franklin",kimberlywang@johnson.info,+1-186-375-9980x56265,3.55,2023-11-10
292,"Dustin Bell",lewispamela@hotmail.com,(742)662-9912x34785,771.12,2023-03-07
293,"Leslie Bennett",rfowler@thompson-murray.org,001-232-648-7049x47873,637.11,2023-02-04
294,"Brittany Evans",valdezpatricia@yahoo.com,(730)147-1959,261.96,2024-01-23
295,"Sheena Burton",brooksjessica@gmail.com,290-257-2520x456,741.23,2024-05-23
296,"Heather Roberts",katiewhite@george.net,544-518-9520x28457,551.68,2023-12-01
297,"Thomas Garcia",mariepope@austin.net,001-816-711-2075x452,427.69,2024-10-10
298,"William Mills",jenniferjohnson@gmail.com,223.423.2161,9.67,2023-03-16
299,"John Reynolds",johnsondonna@brown.com,011-939-3250x1249,75.24,2023-10-12
300,"Scott Norman",garciabelinda@rice.com,280-138-7592x7125,883.11,2023-11-05
301,"Jose Russell",owensapril@yahoo.com,001-548-015-7164x79473,903.93,2024-03-20
302,"William Patterson",xcrosby@smith.info,+1-167-811-2669x12153,545.59,2023-10-05
303,"Ryan Powell",rhardy@miranda.biz,(796)784-2711x477,834.6,2023-07-13
304,"Brandy Garcia",jimenezanthony@reyes.com,(499)118-7734,582.51,2024-06-12
305,"Mr. Joshua Pacheco MD",ewingnicole@reyes.biz,700.284.2762x467,148.09,2024-08-30
306,"Michael Keller",khart@hotmail.com,6479695450,127.45,2023-02-05
307,"Bethany Richardson",oscar65@jenkins-brown.com,349.114.1520,308.26,2024-03-08
308,"Joel Boyer",andrew79@gmail.com,696-591-7135x78529,898.98,2023-09-04
309,"Jeffrey Crawford",karlwilliams@morales.com,001-919-541-9876x351,796.12,2024-06-04
310,"Kathy Evans",robertking@hotmail.com,820.829.7374x896,860.7,2025-01-09
311,"Lori Boyd",jhernandez@hotmail.com,+1-466-513-6442x49363,898.92,2023-04-13
312,"Alexis Robles",bwashington@yahoo.com,+1-032-420-4482x0700,210.08,2024-11-12
313,"Emily Evans",qmosley@blackwell.com,198.189.8471,249.53,2023-07-18
314,"Patricia Edwards",selenarobinson@gmail.com,(347)649-0785,102.79,2024-07-11
315,"Emily Coleman",natasha25@baldwin-underwood.com,+1-900-348-6451x8376,780.12,2023-01-21
316,"Jenna Spence",christopher34@gmail.com,(756)041-7765,884.13,2024-07-25
317,"Thomas Garcia",william56@daniel.com,001-027-206-3459x11238,406.38,2024-07-22
318,"Sandra Hines",shannon24@gmail.com,+1-954-316-5266x93008,620.66,2024-05-31
319,"Crystal Davis",josechristian@gmail.com,(969)421-5291x0867,154.55,2024-10-18
320,"Bailey Reeves",keith76@reynolds.org,436.262.0443,929.88,2024-05-08
321,"David Aguilar",smithdean@yahoo.com,001-636-694-1180x053,864.61,2024-01-15
322,"Yesenia Crosby",kingchristine@madden-lambert.com,+1-092-428-7572,976.21,2023-03-25
323,"Joseph Thomas",bradley27@adkins-howe.com,948-562-5728x703,810.77,2023-05-10
324,"Clifford Harrison",fgraham@alexander.net,771.215.1342x2849,881.42,2024-12-06
325,"Christy Bolton",robertjones@rhodes-clay.com,165-915-2017x7749,24.79,2024-06-09
326,"Wayne Douglas",stacey92@gmail.com,4501896164,736.56,2023-06-02
327,"Randy Ross",frankchan@holland-best.com,476-492-5158,332.19,2023-06-19
328,"Stephen Alvarez MD",avilalisa@hotmail.com,(661)085-7327,930.82,2024-02-28
329,"Kelly Roberts",solomontim@gmail.com,(438)649-0810,802.24,2024-02-17
330,"Jeffery Davis",jonathan18@gmail.com,722-601-6459,864.06,2024-07-30
331,"Michael Hanson",tammy23@gmail.com,941-680-0610,810.75,2023-05-28
332,"Julia Sullivan",christine95@hotmail.com,+1-641-220-3103x03723,266.81,2023-12-19
333,"Shannon Ryan",kayla27@johnson-martin.com,001-777-079-3349x6050,787.37,2023-04-04
334,"Michelle Petty",benjamin67@hotmail.com,001-973-080-6958,108.1,2023-03-05
335,"Matthew Small",pdean@west-graham.com,375-738-3959x7246,872.17,2023-12-04
336,"Megan Navarro",christycampbell@hotmail.com,722-329-7167,858.59,2023-09-07
337,"Justin Kidd",michael22@hotmail.com,1561931837,222.43,2023-08-03
338,"Rachel Hammond PhD",melissarusso@hotmail.com,+1-107-711-9918x08121,816.59,2024-11-21
339,"Isaiah Chandler",goconnor@gmail.com,+1-552-137-6037x5482,460.3,2023-03-22
340,"Mike Perry",karenmoreno@taylor.biz,(785)072-0811x55626,305.19,2023-03-03
341,"Andrew Nielsen",levinetina@liu.net,550-489-2673x8997,795.35,2024-07-09
342,"Robert Wong",christopher85@hardy-singh.com,843.188.4852x00894,227.6,2023-07-21
343,"Elizabeth Henderson",skinnerjordan@gomez.com,490.753.9989x354,23.66,2023-08-24
344,"Robin Armstrong",pstone@murphy.com,001-571-266-1106x27371,193.13,2023-10-28
345,"Jennifer Hansen",breanna67@hotmail.com,622.827.7288x1377,328.26,2023-02-09
346,"Terry Wood",xrodriguez@roberts.com,(447)022-9604x432,864.35,2024-10-12
347,"April Kelley",butlerashley@chavez.org,(287)772-5199,966.89,2023-11-29
348,"Steven Morgan",pfitzgerald@cline.com,001-481-813-9890,-617.75,2024-04-01
349,"Nicole Shaw",barrettamanda@hill.com,001-971-895-6907x056,641.48,2023-06-04
350,"Scott Stewart",wilsoncory@gmail.com,224-124-6209x5200,399.68,2023-09-03
351,"Francisco Gutierrez",nicholas10@gmail.com,993.788.6140,981.15,2023-09-19
352,"Jason Washington",robinsmith@hotmail.com,001-138-249-6718,536.22,2023-06-22
353,"Brenda Fernandez",amandahenderson@hayes.org,200-749-4653x9840,939.24,2023-05-20
354,"Kristine Turner",rivasjessica@yahoo.com,(398)554-7435x53795,115.34,2023-01-27
355,"Brandi Nielsen",valenzuelaemily@yahoo.com,+1-768-118-0715,970.4,2024-10-07
356,"Kyle Hughes",fordsharon@smith-paul.com,+1-531-943-3750x47930,178.57,2023-06-16
357,"Miss Ashley Ramirez",andreakeller@hotmail.com,+1-992-192-1249x38430,962.53,2024-07-06
358,"Lisa Becker",pacedanielle@hotmail.com,5664187758,265.47,2024-08-26
359,"Nathan Williams",zstewart@gmail.com,190-361-3325x41107,108.4,2023-12-16
360,"Leslie Sims",john73@yahoo.com,5831997179,434.56,2023-04-21
361,"Antonio Johnson",pattonbryan@yahoo.com,4961108046,728.55,2023-11-22
362,"Paul Hall",yreyes@hobbs-harvey.com,+1-078-593-1109x1939,313.68,2023-04-22
363,"Dawn Fisher",johnrobles@gmail.com,(496)854-9822,606.21,2024-01-14
364,"Grant Wood",brianhunter@trevino.com,+1-315-377-9599x5946,511.42,2023-09-27
365,"Jesse Mccormick",arobinson@walker.com,563.620.5015x0812,385.2,2023-08-28
366,"Mark Durham",hesterjames@yahoo.com,(342)583-2302,576.59,2024-10-30
367,"Brian Decker",hpena@boyle-torres.com,(528)961-1223x386,254.72,2024-07-07
368,"Kyle Rowland",hinesbrenda@phillips.com,(897)317-9128,708.79,2023-11-12
369,"Maria Hicks",twhite@yahoo.com,777.496.9033x37363,1.69,2023-09-09
370,"James Moore",andrea21@yahoo.com,853.907.8956x776,925.58,2023-11-28
371,"Jonathan Nelson",scottbaker@howard.com,881.431.1150x83535,538.45,2023-07-28
372,"Robert Sutton",janicebolton@hotmail.com,001-840-445-6690x7826,719.43,2023-07-10
373,"Paul Wells",fpeterson@yahoo.com,663.778.0529,741.95,2024-11-23
374,"Tony Smith",jeremiah66@hotmail.com,+1-459-090-2259,670.63,2024-05-18
375,"Susan Berry",zharris@gmail.com,+1-637-159-7412,364.22,2023-04-06
376,"Cassandra Serrano",lopezchad@yahoo.com,334-817-0580x2566,69.97,2023-05-16
377,"Betty Barnes PhD",davidharris@yahoo.com,001-729-949-3874x302,664.24,2023-12-27
378,"James Aguirre",kstevens@gmail.com,001-147-546-9263x2967,-970.31,2023-11-09
379,"Catherine Carroll",allenmonica@yahoo.com,+1-841-376-8151x1856,313.92,2023-12-31
380,"Daniel Williams",fowleremma@james-reese.com,(004)125-7771x1837,848.02,2023-05-03
381,"Douglas Martin",thompsondavid@myers.com,(752)308-3708,719.75,2024-05-26
382,"Mary Garcia",awilliams@gmail.com,001-633-533-1060x05313,300.32,2024-11-30
383,"Russell Beck",perrydaniel@morris-sims.org,866.133.1552,309.28,2023-01-26
384,"Eugene Price",cameronbriggs@hotmail.com,+1-501-364-9718x924,408.39,2023-03-29
385,"Vicki Horton",gregory57@rogers.org,683.890.3091x436,402.4,2024-08-25
386,"Bobby Taylor",james63@hotmail.com,3975245086,295.66,2024-06-01
387,"Nicole Perez",john80@hotmail.com,396.852.7017,127.29,2023-03-10
388,"Amy Braun",christopherwatkins@young.biz,001-742-336-2934x4973,420.45,2023-08-14
389,"Karen Tapia",egray@yahoo.com,(896)270-6614x98282,940.36,2023-08-02
390,"Eric Campbell",cookjennifer@gmail.com,(300)857-6665,677.32,2023-11-09
391,"Martin Chapman MD",cruzariel@hines.com,750.663.3705x02497,902.81,2024-06-26
392,"David Lane",wilsonchristopher@rangel.com,362.644.8869x46119,615.51,2024-09-09
393,"Robin Adams",ahale@velasquez.com,686-462-2522,300.95,2023-06-17
394,"Mr. Brian Bradley",jamesbrady@green.info,+1-912-141-6141x5093,547.94,2024-01-21
395,"Dr. Adam Adams",davisalexa@bennett.com,759.655.5535x6690,0.41,2023-10-18
396,"Renee Smith",anthonymartinez@hotmail.com,357-978-6305x050,286.91,2024-10-03
397,"Megan Hall",ystevenson@gmail.com,(671)649-3289x802,429.89,2024-02-05
398,"Elizabeth Nunez",peggyfriedman@yahoo.com,+1-833-321-1602x56434,579.98,2024-06-15
399,"Steven Martinez",sdavis@wiggins-huynh.org,566-863-3414,654.71,2023-03-24
400,"Gerald Vargas",berrydavid@finley-ray.com,098-366-5528x9931,464.99,2023-11-18
401,"Samuel Stewart",vincentbryant@hotmail.com,209-548-1497x3746,442.16,2023-03-01
402,"Mrs. Samantha Clark",leblanckimberly@luna-evans.com,8656756618,213.7,2024-08-01
403,"Michael Lee",andersonkaren@hotmail.com,4729277423,473.19,2023-07-03
404,"Christina Curtis",gregoryvanessa@gmail.com,(620)157-2018x5962,901.18,2024-05-15
405,"Danielle Wilson",mturner@gmail.com,+1-617-647-5011x1178,796.02,2023-07-08
406,"Kenneth Armstrong",bauerherbert@yahoo.com,+1-649-215-1826x0688,169.69,2024-09-14
407,"Katherine Stone",tammymerritt@atkins.com,8751029321,84.8,2024-03-26
408,"Paul Miller",michael82@rowland-barrett.com,084-872-9758x5988,515.45,2023-06-26
409,"Mary Williams",donaldchase@bernard.net,954.296.1844,632.94,2023-11-07
410,"Carla Bryant",jbentley@hotmail.com,143.598.9262,335.19,2023-09-17
411,"Jessica Johnson DDS",david18@jones-bowman.com,423-401-6361x12849,818.42,2024-10-13
412,"Anna Bailey",catherine02@yahoo.com,001-625-889-6792x40822,751.14,2023-05-05
413,"Nicolas Brown",erikabarnes@yahoo.com,(757)844-6834,672.8,2024-05-22
414,"Theresa Russell",walterschase@gmail.com,290-148-7068,224.64,2025-01-08
415,"Karen Robertson",msmith@smith.com,890.972.8321,199.13,2023-10-27
416,"Kayla Farley",xgray@gmail.com,381-447-4430x96348,24.43,2024-10-17
417,"Taylor Stafford",kellychristina@yahoo.com,510-526-5016x7318,244.84,2024-02-18
418,"Jennifer Gentry",kaylawright@foster-evans.biz,(841)772-2560,475.14,2023-10-21
419,"Michelle Rodriguez",andersonrobert@yahoo.com,2374167872,849.74,2023-09-24
420,"Phyllis Ross",danielrodriguez@gmail.com,(258)030-5690,72.83,2023-12-18
421,"Douglas Miller",christinadaniel@gmail.com,414.363.7189,414.44,2023-06-04
422,"Scott Fuller",davidmorales@mooney-hickman.biz,9310668433,629.77,2023-10-03
423,"Antonio Simmons",daniel54@dawson-wright.com,(000)534-7491,194.44,2023-12-15
424,"Travis Cox",davisalexander@hotmail.com,001-255-598-9534x39611,696.35,2023-04-26
425,"Lindsay Williams",janetschaefer@mcmahon.com,738-202-3684x8557,494.38,2024-05-18
426,"Susan Jones",jacksonjoshua@gmail.com,090-367-8812x7868,243.98,2024-09-11
427,"Lawrence Clark",ashleyvargas@suarez.info,844.344.8123x08340,656.06,2024-05-25
428,"Stephen Ho",dayjohn@gmail.com,+1-105-955-1842,5.54,2023-11-28
429,"Elizabeth Galloway",jeffrey42@bonilla-medina.org,649-837-3543,750.96,2024-04-10
430,"Shannon Foster",jessicahamilton@gmail.com,172.722.3972x4042,770.05,2024-12-02
431,"James Franklin",charlessanchez@waller.com,+1-166-010-0231x429,106.59,2023-01-25
432,"Alexandra Conner",harristimothy@hotmail.com,245.723.0848x100,425.15,2023-04-04
433,"Ashley Tanner",aaronwalker@gmail.com,(625)436-1721x31451,175.89,2024-05-07
434,"Isaac Middleton",munozgregory@rogers.com,+1-451-475-4102x252,957.97,2023-11-14
435,"Robert Bray",lanesusan@thomas-morris.com,(655)767-6952,517.96,2024-09-29
436,"Tammy Reyes",opatel@yahoo.com,968-931-3503,50.22,2024-11-05
437,"Justin Rosario",pruittmichael@phillips.net,(333)021-2606x50191,249.2,2024-01-20
438,"Sheila Johnson",christianjones@hotmail.com,(227)284-7657x04120,848.34,2024-11-29
439,"Lindsey Thompson",sandersrodney@spencer-gallegos.org,436.241.8623x69036,456.46,2023-06-06
440,"Vanessa Jacobs",pwoods@sullivan.com,+1-634-111-5950x3428,801.42,2023-04-07
441,"Kyle Avila",andrealittle@gmail.com,419.909.7005,667.58,2023-03-28
442,"Alejandra Kelly",uporter@yahoo.com,001-521-568-1820x9679,987.89,2024-11-19
443,"Donna Hernandez",mcclurechristopher@hotmail.com,322.889.8572,595.45,2023-10-05
444,"Marcus Bentley",nallen@jones.info,024-817-1752,950.04,2025-01-09
445,"Barry Ray",jonesjennifer@yahoo.com,747-219-7054x669,891.43,2024-12-27
446,"Jessica Hunt",christopher68@yahoo.com,090-380-2146x296,612.65,2024-11-08
447,"James Ford",steven87@miller.com,(636)515-5973x7147,719.27,2023-02-13
448,"Tiffany Thomas",ashley96@mayer.biz,303.064.4212x1461,504.78,2023-09-03
449,"Jocelyn Barnes",jack01@peterson-mullins.com,567.782.6596,830.57,2024-10-15
450,"Richard Harper",mariodowns@newton.com,275.164.8072x791,547.87,2023-02-12
451,"William Fisher",nrobinson@bonilla.com,(504)481-7766x558,897.21,2023-12-11
452,"Pamela Wilson",lpatterson@larson.biz,+1-491-111-0961x7981,743.66,2024-05-21
453,"Kevin Johnson",xlewis@yahoo.com,+1-613-715-7660,474.67,2025-01-13
454,"Danny Campbell",mary63@gmail.com,(000)258-9552x96386,259.19,2023-06-13
455,"Jennifer Williams",sheilamyers@hotmail.com,(658)263-1281,247.24,2024-05-19
456,"Jenna Gill",stacyharris@gmail.com,6092098196,637.66,2023-02-03
457,"Bianca Chavez",johnhurst@yahoo.com,836.404.1209,765.81,2024-11-18
458,"Jimmy Carlson",justinkline@jones.com,(170)617-1366x5722,521.3,2023-09-04
459,"Christopher Bradley",daughertyvictoria@cooley-greene.com,(841)390-8088,626.75,2024-08-28
460,"Sean Wilson",murphyjeffrey@holt.com,584-776-8634,274.6,2023-05-29
461,"Ryan Love",silvakatie@yahoo.com,(376)769-4591,77.48,2024-04-30
462,"Curtis Gomez",cjackson@king.net,(601)256-2531x355,285.73,2023-05-07
463,"Barbara Flores",jason95@hoffman.com,+1-383-184-9196x655,271.72,2023-06-17
464,"Robert Jimenez",cwilson@gmail.com,+1-596-390-4090x742,319.71,2024-10-29
465,"Amanda Ferguson",deanna17@gallegos.com,556-185-7906x477,540.15,2024-11-04
466,"Susan Cameron",walkermargaret@garcia.biz,213.580.0401,138.37,2023-02-21
467,"Angela Murphy",holly29@yahoo.com,252-967-1883,231.26,2024-04-07
468,"John Ramirez",christophermiranda@hotmail.com,583-311-7030,693.95,2024-06-18
469,"Robert Lopez",jason98@garrison.info,+1-281-235-6798x3631,706.42,2023-08-18
470,"Michael Lynn",stevenrodriguez@allen.com,078-754-1815x632,64.23,2023-11-19
471,"Katie Brown",corey66@gmail.com,362-948-9786x1031,407.6,2023-07-04
472,"Steven Johnston",pateljoshua@lyons.com,001-473-235-4940x1289,542.61,2024-01-20
473,"Sarah Watts",erin22@yoder-thomas.com,+1-765-024-1209x57907,415.77,2024-11-23
474,"Brian Fuentes",aliciajackson@gmail.com,001-114-577-5847x45705,206.83,2023-09-05
475,"Stephanie Hampton",nelsonapril@hotmail.com,2632570396,420.14,2023-10-21
476,"Brandon Knapp",sheppardnatalie@hotmail.com,+1-782-455-6964,904.84,2023-09-12
477,"Kevin Miles",kpope@roberts-montes.info,+1-272-849-8247x41407,584.08,2023-02-15
478,"Roger Martinez",adam50@gmail.com,254-882-1423x691,695.52,2023-08-28
479,"John Gomez",gross@yahoo.com,942-965-9234x2683,856.73,2023-09-05
480,"Edward Ho",nicholasliu@yahoo.com,287-585-7567,765.59,2023-12-07
481,"Julia Gaines",idavis@meadows.com,(989)406-2607,380.38,2024-10-03
482,"Kelly Combs",nelsonvalerie@cook.com,001-750-198-0382,5.9,2024-03-26
483,"Kathleen Walker",courtney07@watts.org,813-317-0876,351.76,2023-02-27
484,"Elizabeth Webb",meaganpayne@maldonado.biz,(022)328-8377,753.48,2023-08-28
485,"Brett Chapman",peter17@yahoo.com,(204)719-6094x09705,853.45,2023-05-03
486,"Nathan Hill",vincent83@orr-warren.net,225-957-2446,953.43,2023-03-08
487,"Maria Bennett",barbarapennington@hotmail.com,425.995.9961x00231,419.02,2024-06-14
488,"Timothy Alvarez",danielgilmore@stafford.com,9410175902,747.52,2023-09-21
489,"Jerry Anderson",johnnykim@perez-harmon.biz,319.013.0205x69815,546.13,2023-06-07
490,"Tina Chandler",marisahudson@yahoo.com,559.821.7661x91284,603.25,2023-04-03
491,"David Guzman",walkershelia@yahoo.com,(512)418-9389x8469,220.54,2023-02-27
492,"Stephanie Aguilar",johnsonrobert@gmail.com,023-850-3719x90516,219.42,2024-04-23
493,"Tanya Clay",josephwilliams@gmail.com,835.674.3000x3896,435.84,2024-06-27
494,"Alicia Olson",bdominguez@hotmail.com,(821)719-5535x60331,29.02,2024-04-16
495,"Jason Goodwin",marksjohn@jones.info,(405)593-4296,336.13,2024-01-21
496,"Mary Jones",wthornton@wallace.com,001-843-845-8810x56974,679.14,2023-03-16
497,"Chad Daugherty",judy31@hardy-french.com,771.070.4496,404.32,2023-09-05
498,"Angela Ramirez",ysmith@yahoo.com,033.626.8040x850,165.04,2024-12-21
499,"Stephanie Livingston",katherinepeterson@hotmail.com,(601)864-8769x98426,467.39,2024-01-12
500,"Tammy Anderson",lauren41@wise.com,001-609-454-4901,127.63,2023-09-10
